[
    {
        "id": 1,
        "name": "Crazy guy",
        "width": 190,
        "height": 220,
        "max_health": 1000,
        "speed": 1.2,
        "projectiles": [1, 2],      
        "sprite_src": "crazy_guy.png",
        "portrait_img": "crazy_guy_portrait.png"
    },
    {
        "id": 2,
        "name": "Less crazy guy",
        "width": 190,
        "height": 220,
        "max_health": 750,
        "speed": 1.5,
        "projectiles": [1, 2],
        "sprite_src": "less_crazy_guy.png",
        "portrait_img": "less_crazy_guy_portrait.png"
    },
    {
        "id": 3,
        "name": "Crazy guy",
        "width": 190,
        "height": 220,
        "max_health": 1000,
        "speed": 1.2,
        "projectiles": [1, 2],
        "sprite_src": "crazy_guy.png",
        "portrait_img": "crazy_guy_portrait.png"
    },
    {
        "id": 4,
        "name": "Crazy guy",
        "width": 190,
        "height": 220,
        "max_health": 1000,
        "speed": 1.2,
        "projectiles": [1, 2],
        "sprite_src": "crazy_guy.png",
        "portrait_img": "crazy_guy_portrait.png"
    },
    {
        "id": 5,
        "name": "Crazy guy",
        "width": 190,
        "height": 220,
        "max_health": 1000,
        "speed": 1.2,
        "projectiles": [1, 2],
        "sprite_src": "crazy_guy.png",
        "portrait_img": "crazy_guy_portrait.png"
    },
    {
        "id": 6,
        "name": "Crazy guy",
        "width": 190,
        "height": 220,
        "max_health": 1000,
        "speed": 1.2,
        "projectiles": [1, 2],
        "sprite_src": "crazy_guy.png",
        "portrait_img": "crazy_guy_portrait.png"
    }
]